{
  "timestamp": "2025-11-30T22:44:40.800202Z",
  "insecure": {
    "attack_attempts": 10,
    "attack_successes": 0,
    "latency_ms": [
      1.5150000000000001,
      2.241,
      2.2560000000000002,
      1974.886,
      1.107,
      1.532,
      1.482,
      1.296,
      1.1460000000000001,
      1.721,
      2.283,
      2.115,
      2.383,
      2.314,
      2.4299999999999997,
      1.645,
      1.5,
      0.982,
      1.5130000000000001,
      2.4589999999999996,
      1.434,
      1.811,
      1.357,
      1.459,
      1.45,
      2.076,
      2.225,
      0.941,
      1.567,
      2.264,
      3.9230000000000005,
      1.072,
      2.313,
      2.605,
      2.07,
      3.049,
      2.2030000000000003,
      1.192,
      2.189,
      2.112,
      2.184,
      0.987,
      2.523,
      1.284,
      2.043,
      1.6869999999999998,
      1.186,
      1.456,
      0.808,
      2.088,
      2.378,
      2.218,
      1.3359999999999999,
      1.853,
      2.029,
      0.968,
      2.342,
      1.957,
      2.334,
      2.403,
      1.346,
      2.101,
      2.246,
      2.1229999999999998,
      1.1789999999999998,
      2.2529999999999997,
      2.3040000000000003,
      2.0100000000000002,
      1.03,
      2.058,
      1.003,
      1.953,
      0.9460000000000001,
      2.447,
      2.604,
      1.3760000000000001,
      2.165,
      2.615,
      2.145,
      2.348,
      1.228,
      2.751,
      2.183,
      3.1740000000000004,
      2.109,
      2.491,
      2.415,
      1.342,
      1.528,
      0.919,
      1.86,
      1.019,
      2.61,
      1.521,
      2.31,
      1.191,
      3.729,
      2.1350000000000002,
      2.369,
      2.373,
      2.644,
      2.5959999999999996,
      2.316,
      2.118,
      2.1359999999999997,
      2.357,
      0.945,
      1.045,
      1.375,
      1.617,
      2.504,
      2.3440000000000003,
      1.227,
      1.017,
      1.209,
      2.595,
      1.204,
      2.3890000000000002,
      2.262,
      2.178,
      2.448,
      2.072,
      2.303,
      2.18,
      2.356,
      2.238,
      2.352,
      1.7129999999999999,
      2.191,
      1.057,
      2.511,
      2.419,
      2.213,
      1.335,
      2.35,
      2.034,
      2.0669999999999997,
      1.195
    ]
  },
  "secure": {
    "attack_attempts": 0,
    "attacks_blocked": 2961,
    "legitimate_messages": 25,
    "latency_ms": [
      9.298,
      6.503,
      7.061999999999999,
      8.843,
      7.736,
      10.437999999999999,
      6.127,
      7.432,
      5.96,
      6.383,
      8.228,
      7.861999999999999,
      8.301,
      7.505000000000001,
      6.207,
      9.104,
      7.477,
      6.6899999999999995,
      7.936999999999999,
      4.388999999999999,
      4.8180000000000005,
      4.453,
      4.7,
      6.542,
      5.732
    ]
  }
}